{"cameraMode":{"drawMode":0,"name":"Shaded","section":"Shading Mode"},"sceneLighting":true,"audioPlay":false,"sceneViewState":{"showFog":true,"showMaterialUpdate":false,"showSkybox":true,"showFlares":true,"showImageEffects":true,"showParticleSystems":true},"in2DMode":false,"pivot":{"x":-9.9847412109375,"y":0.5980181694030762,"z":13.971988677978516},"rotation":{"x":0.2753693759441376,"y":-0.012977582402527333,"z":0.0037177125923335554,"w":0.961243748664856},"size":8.31068229675293,"orthographic":true}